code,hips
CN001,20889 20648 20455 20205
CN001,21421 20885 20713 20205 18724
CN001,21421 21683
CN002,1067 677
CN003,27989 26727 26311 25930 24436
CN003,25930 25336
CN003,26727 27366
CN004,72622 74392 76333 74785
CN005,89341 90496 92041 92855 93864 93506
CN006,78820 78401 78265 78104
CN007,41822 41909 42806 42911
CN008,88635 89931 90185 89642
CN009,65474 66249
CN010,35350 34088 32921 32246
CN010,32921 30883 30343
CN010,30883 31681 34088
CN010,31681 32362
CN010,30343 29655
CN011,69427 69701 70755
CN011,69427 69974
CN012,4463 3693 3885 3031 3092 2912 3881 4436 5447 5175 5586 6315 6193 5742 5571 5131 4463
CN013,42402 42799 43234 43109
CN013,42313 43109
CN013,43234 43813 44659 45336
CN014,9884 8903 8832
CN015,17499 17531 17579 17573
CN015,17499 17608 17702 17847
CN016,100345 100064 99572
CN016,100345 100881 101123 101027
CN016,100881 101027
CN017,102618 103045 102945 102624
CN018,113963 113881
CN019,57757 55434 55642 54879 54872
CN020,60129 61941 63090 63608 64241
CN021,80816 80170 79043 78072 77233 76276 77070 77622 79593 79882 81377
CN022,84379 85693 86974 88794 92614 93747 92946 89962 88048 86263 84012
CN023,109074 109427 107315
CN024,82396 82514 82671 84143 86228 87073 86670 85927 85696
CN024,82514 82545
CN025,12719 13061 13209
CN026,80112 80763 81266
CN027,46390 46509 46776 47431
CN027,46390 45811 45751 46744
CN027,46390 46744
CN028,106278 104987
CN029,53740 55705
CN029,53740 55598
CN029,53740 52943
CN029,55705 57283 55598
CN029,57283 58188
CN029,55705 55282 56802 55874 55687 53975
CN029,55687 56633 57587
CN029,55598 54682 54204
CN030,48356 49841 51069 49321
CN030,48356 49321
CN030,48356 47452
CN030,51069 52085
CN031,61359 60965 59803 59316
CN031,59803 60189
CN031,60965 61174
CN031,59316 59199
CN032,68756 61281 56211 46977 33104 22783 15520
CN033,75458 78527 80331 83895 92782 101260 114222 3721
CN034,26207 26176
CN034,26207 26366
CN035,28358 27949 27249 24348
CN035,27249 23040
CN035,23783 23734 27971
CN036,910 301 118178
CN036,910 355
CN036,910 1803
CN036,910 1170
CN037,101421 101483 101882 101800 101916
CN038,108085 109111 112948 112102
CN039,54061 53910 58001 59774 62956 65378 67301
CN040,37826 36850 36366
CN041,75097 72607 70692 69112 62572
CN042,113368 113368
CN043,90422 92308 93542 94005 94160 94114 93825 93174 92989 90968 90982 90422
CN044,101772 101772
CN045,88267 88886
CN046,22667 22957 22833 22845 22509 22449 22549 22797 23123
CN047,25985 25606 27072 27654
CN048,4427 4427
CN049,63125 62207 61692 61317 60646 59831 58684
CN050,112917 111944 110351 106481 103632 104060 106711
CN051,74395 71536 71121
CN052,80628 82369
CN053,11345 12002 10642
CN053,11261 11029 12390
CN054,86092 85792 85258
CN055,109937 109410 109056
CN056,60189 60189
CN057,117371 2707 4714 5589 10438 13665 16228 16281 16292
CN058,77634 76945
CN059,56975 56975
CN060,69673 69673
CN061,59504 59504
CN062,11060 13531 14632 14668 14576 14354 13254 12623
CN064,69226 68478 68103
CN065,84345 84345
CN066,80894 80569 80343 80975
CN067,80463 79492 79634 81008 81354
CN068,74604 75177
CN069,26237 26235 26241
CN069,26237 26311
CN070,79672 79005 78400
CN071,44382 34481
CN071,44382 41312
CN071,44382 40817
CN071,44382 35228
CN071,44382 37504
CN072,110960 110395
CN072,110960 111497
CN072,110960 110672
CN072,110960 109074
CN073,116889 117089 117629
CN074,6960 9347 9061
CN075,91755 90905 90156 92512 92997 93340 93713
CN076,17678 13244
CN077,2920 2920
CN078,87261 87261
CN079,108874 108991
CN080,17959 14862 9763 9802 9598 10031 9480 8016 7078
CN081,11569 8886 6686 5542 3801 3504
CN082,72105 71284 71053
CN083,113116 5372 11767 85822 82080 77055
CN084,78933 78990
CN084,78933 78820
CN085,96465 95477
CN086,98066 98353 98688 98162 98066
CN087,77048 76127 75695 76267 76952 77512 78159 78493 78459
CN088,40023 40881 41377 40240
CN089,83153 85267 85727 82363 83081
CN090,51232 52558 56561 57363
CN091,41037 45556 46974 47854 48002
CN093,98036 97649 97278
CN094,109268 112122 112623 112374 114996 113638 112122 114421
CN094,112122 114131
CN094,112122 112203 110936
CN094,112122 111043 109908
CN095,67464 67472 68245 68862
CN096,86032 86032
CN097,34444 35904 37819 38901 38070 37229 35904 33579 32759 35264 37819
CN098,82673 83000 82402 82073
CN099,54951 54951
CN100,102532 101958 101769 102281 102532
CN100,101769 101589
CN101,7078 7650
CN101,7078 5926
CN101,7078 5518
CN101,7078 6692
CN101,7078 7965
CN101,7078 9009
CN102,83430 83478 83613 84177
CN103,116231 116389 116602 765 2072 2081 3245 2472 5165 6867
CN104,42673 42673
CN105,13879 13879
CN106,19167 19167
CN107,37740 37740
CN108,78918 78384
CN109,24372 19780
CN110,93085 93683 94141 94820 95168 95176
CN111,92791 92420 93194 93903
CN112,79374 79374
CN113,19893 21281 26069 27100 29134
CN114,63414 63414
CN115,35710 35710
CN116,104680 104680
CN117,61960 62267 61579
CN118,21515 22109 22701 23221 23231 22479 22263 21763 23474
CN119,19777 19587 20507 21444 22024 21986
CN120,47723 46771 46454
CN121,110371 109176 107354 107310
CN122,17529 18532 18614 18246 17448 17313
CN123,24244 24327 24845 24873
CN124,5434 5434
CN125,30324 31700 33092 33248 33152 31125 30324
CN126,85423 85423
CN127,70027 69260 69536 69989
CN128,86929 88866 90797 92609 93015 99240 102395 91792 98495 105858 100751
CN129,108036 109472
CN130,68002 71352 68933 67457 65936 63945 61932 61622 60517 60823
CN131,62763 62763
CN132,60742 60697 60746 60904 60514 60351 61071 60941 59847 61394 61724 60957 59501 58858
CN133,30438 30438
CN134,115919 115444 114144 112935 112447 112029
CN135,145 118209 154 443 145
CN135,118209 114724 112961 111123 109139 107556 106985 106723 107188 107556
CN136,112440 112748
CN136,112051 112158
CN136,115250 115623
CN136,113881 112748
CN136,113881 112158
CN136,113881 115250
CN137,105140 106067
CN138,101936 101847 101692 101101
CN139,19205 19513 20430 20250
CN140,80179 80883
CN141,54182 53824 53807
CN142,32439 33694 39538 36547 23265 25110
CN143,101923 101984 102487
CN144,68702 68702
CN145,60710 59449 59196
CN146,62322 61585
CN147,55945 56647 56127
CN148,50371 51576 52419 50099 45238
CN149,36041 36188 37279
CN151,66657 71683
CN152,62423 63076
CN153,41704 45333 43903
CN153,46733 43644 45455
CN154,50218 49593 47631 48742
CN155,57328 57380 58590 58948
CN156,92862 94481 94713 95556 97295
CN157,110130 110838 118092 2484 3330 1599 118322
CN158,91918 91918
CN159,84380 84606 85112
CN160,87728 87728
CN161,113889 114971 115830 116771 118268
CN162,64962 68895
CN163,64238 66803
CN164,24305 23685
CN165,81497 79992 79101 77760 75973 75411 74666
CN167,76297 75141 73334 73273 74117 75264 74911 73807 72683 71860
CN168,74376 74376
CN169,110273 110003
CN171,57936 58158 56280 56332 56343 56452 56922
CN172,34724 32578
CN173,106140 105502 107348 107472
CN174,76880 76880
CN175,61968 62443
CN176,66234 64906
CN177,74946 77952 82273 74946
CN178,44390 44857
CN179,44127 44471 50372 50801 55219 55203
CN180,85805 80650
CN180,85805 81660
CN180,85805 80161
CN180,85805 82860
CN181,54347 53417 52457 52686
CN182,12876 12394 11001 8928
CN183,9236 17440
CN184,2021 110078 107089 104043
CN185,82676 82676
CN186,104019 103703
CN186,104139 105143
CN186,105515 106568
CN186,104429 104452
CN187,61084 60718
CN187,62434 59747
CN188,27204 27204
CN189,86284 86565
CN189,88404 84880
CN189,85397 86768
CN190,51685 51556 52638 53229
CN191,29038 29426 29704 29434
CN192,7588 5348 3405
CN193,36425 37921 39567 40167
CN194,104521 104858
CN195,28237 28734 28716 27913
CN196,107575 106944
CN197,106942 107144
CN198,105570 105413
CN199,34033 32533 31216 30419
CN200,51502 51384
CN201,29807 29034
CN202,57399 57399
CN203,66798 66798
CN204,57565 57565
CN205,54539 54539
CN206,111169 110609 107533 107136 106886 108165 109857 110538 118243 117863 117301 115990 111674 113919 114570 115022 116584 117221 116805 116631
CN207,15696 15696
CN208,87585 85829 85670 87833 86414
CN209,91117 91726 91845 92175 93026 93429 93805 93717 93526
CN210,1562 5364 6537 8645 8102 9326
CN211,17886 17886
CN212,94376 96100 97433 98702 98583 95081
CN213,13268 14328 15863 16826 17358 19343 19812 20156 19949
CN214,69373 74605 77277
CN214,79414 73199 72181
CN215,9640 8068 7607 6999 7719 7513 7818 9021 10064 10670 10644 9640
CN216,99473 98844 97980 97804
CN217,76470 76600
CN218,113246 113246
CN219,23497 22565 23949 24822 23497
CN220,102253 99731 101093 102422 105199 108917 110817 112724 115088
CN221,42312 42884 42515 42828 43409 43825
CN222,26451 26451
CN223,109693 109693
CN224,24879 25541
CN224,24879 25292
CN224,24879 24340
CN224,24879 24504
CN225,4257 4371 3559 3455
CN226,96950 97290
CN227,44816 44816
CN228,80181 81693 83207 83313 83462 84573 86178 87808
CN229,84314 84405 84970 85340
CN230,20641 19990
CN231,20732 21273
CN231,20732 20219 20901 21589 21735 21402 20522
CN232,104732 105138 104887 103413 102098 99639 97165 100453 102488 104732
CN233,1366 1686 1473
CN234,32349 32349
CN235,53295 56034
CN235,53721 56148
CN235,53838 55560
CN236,106786 107382 107487 107517 107527 105668 104974 103728 103640 104459 105019 105574 105761
CN237,55060 55797 58181 58259 55060
CN238,16369 16322 16083 15900
CN239,64407 65639
CN240,108952 107608 107380 109285 109422 108952
CN241,69481 69713 70497
CN242,14135 15619 13954 12828 10324 11484 12093 12706 12387 11791 11046 10234 10305
CN243,77516 77516
CN244,39953 42570 42913 45941 46701
CN245,68520 66200
CN246,104750 102978
CN246,104750 104234 102485
CN246,102978 102485
CN247,49812 50414
CN248,67627 67627
CN249,15737 15110 14838
CN250,11918 11918
CN251,95294 95241 95347
CN252,7083 9007 10602 11407 12413 13847 17351 17797 17874 20042 20535 21393 21248
CN253,18543 17593 17378 16537 15197 13701 12770 12843 13288 14146 15474 16611 17651 17717 18216 18673
CN254,87706 86736 86352 86060 85755 85783 87072
CN255,102208 104105 98401 94083 88127
CN256,35846 35550 33927
CN257,90139 88657
CN258,194 2025
CN259,110386 110986
CN260,3419 3419
CN261,41375 42835 43305
CN262,9487 8833 7884 7007 5737 4906 3786
CN263,746 2599 3821 3179 2505
CN265,48319 48402 46853 44901 45493
CN266,23015 24608 28360 28380 25428
CN267,14417 9727
CN267,14417 13055
CN267,14417 15547
CN267,14417 19461
CN268,57632 57646
CN268,57632 57320
CN268,57632 58159
CN268,57632 57779
CN269,33018 34693 36046 36962 38538
CN270,63948 63355 62356 59819
CN271,78727 78207 77853 77060
CN272,94779 95853 96441 96895
CN273,25048 25810 24813
CN274,60485 60485
CN275,60000 58484 51839 52633 46928 46107 43012 40888 36982
CN276,58519 58519
CN277,110023 110578 111710 113345
CN278,44248 44700 45688 45860 47617 47701 46146 46750 47908 48455 50335 50583 49583 49669 47508
CN278,49669 51624
CN278,49669 49637
CN279,69732 69732
CN280,29655 29655
CN281,71865 72010
CN282,31592 31592
CN283,60172 60172
CN284,84969 84979 81852 81065 70638 80047 69896
CN284,80047 72370 70248
CN285,51734 51808
CN286,6706 7097 7535 8198 7710
CN287,96229 96665 95501 95585 96468 96392 96556 96483 97928
CN288,67927 67275 67459
CN289,87616 87616
CN290,108797 109332 109786
CN290,110391 110529 109789
CN290,110641 111954 112862
CN290,112362 111449 112529
CN290,112211 111539 110778
CN290,111086 110602 110179
CN290,111200 111843 112161
CN290,112615 113031 112716
CN290,112542 113136 113148
CN290,114341 114375 114119
CN290,116247 116118 115669
CN290,115438 115404 115125
CN290,115115 115033 114855
CN290,114164 114054 113996
CN290,114939 116758 116971
CN291,23972 23364 23875 24674
CN292,94648 92112 85852
CN292,94648 89937
CN293,19038 19038
CN294,21683 21683
CN295,115738 115951 117491 116928
CN296,110991 109492 109556 107259 107418
CN297,51585 52689 52911 51775
CN298,26634 25859
CN299,71075 71075
CN300,65477 65477
CN301,69415 71652 71974 72929 73714
CN302,72571 73566 74857
CN303,59199 59199
CN304,91919 91262 91971
CN305,61174 61174
CN306,64394 63462 64022
CN307,27830 26640 25695 23900 23068 21881
CN308,23416 23453 23767 23416
CN308,27639 27673 27483 27639
CN308,25984 26536
CN309,70300 70090
CN309,68523 68282
CN309,69996 70574
CN309,67786 67669 67153
CN309,65109 65109
CN310,89908 89908
CN311,27810 27628
CN312,92043 92161
CN313,88149 88192 88290 88601
CN314,86742 87108
CN315,12332 12640 12803 13327 13165
CN316,96757 96837 97365 97496 98337 98438 98234 98754 99742
CN317,72125 71762 71795
CN318,32562 33485 32173 32480 31832 32844 31789 31771 33041
