code,zh,pinyin,en,rank
CN001,毕宿,Bi Xiu,Net,1
CN002,壁宿,Bi Xiu,Wall,1
CN003,参宿,Shen Xiu,Three Stars,1
CN004,氐宿,Di Xiu,Root,1
CN005,斗宿,Dou Xiu,Dipper,1
CN006,房宿,Fang Xiu,Room,1
CN007,鬼宿,Gui Xiu,Ghosts,1
CN008,箕宿,Ji Xiu,Winnowing Basket,1
CN009,角宿,Jiao Xiu,Horn,1
CN010,井宿,Jing Xiu,Well,1
CN011,亢宿,Kang Xiu,Neck,1
CN012,奎宿,Kui Xiu,Legs,1
CN013,柳宿,Liu Xiu,Willow,1
CN014,娄宿,Lou Xiu,Bond,1
CN015,昴宿,Mao Xiu,Hairy Head,1
CN016,牛宿,Niu Xiu,Ox,1
CN017,女宿,Nü Xiu,Girl,1
CN018,室宿,Shi Xiu,Encampment,1
CN019,太微右垣,Tai Wei You Yuan,Supreme Palace Right Wall,2
CN020,太微左垣,Tai Wei Zuo Yuan,Supreme Palace Left Wall,2
CN021,天市右垣,Tian Shi You Yuan,Heavenly Market Right Wall,2
CN022,天市左垣,Tian Shi Zuo Yuan,Heavenly Market Left Wall,2
CN023,危宿,Wei Xiu,Rooftop,1
CN024,尾宿,Wei Xiu,Tail,1
CN025,胃宿,Wei Xiu,Stomach,1
CN026,心宿,Xin Xiu,Heart,1
CN027,星宿,Xing Xiu,Star,1
CN028,虚宿,Xu Xiu,Emptiness,1
CN029,翼宿,Yi Xiu,Wings,1
CN030,张宿,Zhang Xiu,Extended Net,1
CN031,轸宿,Zhen Xiu,Chariot,1
CN032,紫微右垣,Zi Wei You Yuan,Purple Forbidden Right Wall,2
CN033,紫微左垣,Zi Wei Zuo Yuan,Purple Forbidden Left Wall,2
CN034,觜宿,Zi Xiu,Turtle Beak,1
CN035,八谷,Ba Gu,Eight Kinds of Crops,3
CN036,八魁,Ba Kui,Net for Catching Birds,3
CN037,败瓜,Bai Gua,Rotten Gourd,3
CN038,败臼,Bai Jiu,Decayed Mortar,3
CN039,北斗,Bei Dou,Northern Dipper,3
CN040,北河,Bei He,North River,3
CN041,北极,Bei Ji,Northern Pole,3
CN042,北落师门,Bei Luo Shi Men,North Gate of the Military Camp,3
CN043,鳖,Bie,River Turtle,3
CN044,波斯,Bo Si,Persia,3
CN045,帛度,Bo Du,Textile Ruler,3
CN046,参旗,Can Qi,Banner of Three Stars,3
CN047,厕,Ce,Toilet,3
CN048,策,Ce,Whip,3
CN049,常陈,Chang Chen,Royal Guards,3
CN050,车府,Che Fu,Big Yard for Chariots,3
CN051,车骑,Che Qi,Chariots and Cavalry,3
CN052,车肆,Che Si,Commodity Market,3
CN053,刍藁,Chu Gao,Hay,3
CN054,杵 (箕宿),Chu(Ji Xiu),Pestle (In Winnowing Basket Mansion),3
CN055,杵 (危宿),Chu(Wei Xiu),Pestle (In Rooftop Mansion),3
CN056,长沙 (附轸宿),Chang Sha,Changsha (Vassal of Chariot),3
CN057,传舍,Chuan She,Guest House,3
CN058,从官 (房宿),Cong Guan(Fang Xiu),Retinue (In Room Mansion),3
CN059,从官 (太微垣),Cong Guan(Tai Wei Yuan),Retinue (In Supreme Palace Enclosure),3
CN060,大角,Da Jiao,Great Horn,3
CN061,大理,Da Li,Chief Judge,3
CN062,大陵,Da Ling,Mausoleum,3
CN063,天庙,Tiānmiào,Celestial Temple,
CN064,帝席,Di Xi,Mattress of the Emperor,3
CN065,帝座,Di Zuo,Emperor's Seat,3
CN066,东咸,Dong Xian,Eastern Door,3
CN067,斗,Dou,Dipper for Liquids,3
CN068,顿顽,Dun Wan,Trials,3
CN069,伐 (附参宿),Fa,Send Armed Forces To Suppress (Vassal of Three Stars),3
CN070,罚,Fa,Punishment,3
CN071,飞鱼,Fei Yu,Flying Fish,3
CN072,坟墓 (附危宿),Fen Mu,Tomb (Vassal of Rooftop),3
CN073,鈇钺,Fu Yue,Axe,3
CN074,鈇锧,Fu Zhi,Sickle,3
CN075,扶筐,Fu Kuang,Basket for Mulberry Leaves,3
CN076,附白,Fu Bai,White Patched Nearby,3
CN077,附路,Fu Lu,Auxiliary Road,3
CN078,傅说,Fu Yue,Fu Yue,3
CN079,盖屋,Gai Wu,Roofing,3
CN080,杠 (附华盖),Gang,Canopy Support (Vassal of Canopy of the Emperor),3
CN081,阁道,Ge Dao,Flying Corridor,3
CN082,梗河,Geng He,Celestial Lance,3
CN083,勾陈,Gou Chen,Curved Array,3
CN084,钩钤 (附房宿),Gou Qian,Lock (Vassal of Room),3
CN085,狗,Gou,Dog,3
CN086,狗国,Gou Guo,Territory of Dog,3
CN087,贯索,Guan Suo,Coiled Thong,3
CN088,爟,Guan,Beacon Fire,3
CN089,龟,Gui,Tortoise,3
CN090,海山,Hai Shan,Sea and Mountain,3
CN091,海石,Hai Shi,Sea Rock,3
CN092,军门,Jūnmén,Military Gate,
CN093,河鼓,He Gu,Drum at the River,3
CN094,鹤,He,Crane,3
CN095,衡,Heng,Railings,3
CN096,候,Hou,Astrologer,3
CN097,弧矢,Hu Shi,Bow and Arrow,3
CN098,斛,Hu,Dipper for Solids,3
CN099,虎贲,Hu Ben,Emperor's Bodyguard,3
CN100,瓠瓜,Hu Gua,Good Gourd,3
CN101,华盖,Hua Gai,Canopy of the Emperor,3
CN102,宦者,Huan Zhe,Eunuch Official,3
CN103,火鸟,Huo Niao,Firebird,3
CN104,积尸,Ji Shi(Gui Xiu),Cumulative Corpses,3
CN105,积尸,Ji Shi(Wei Xiu),Heap of Corpses,3
CN106,积水,Ji Shui(Wei Xiu),Stored water,3
CN107,积薪,Ji Xin,Pile of Firewood,3
CN108,积卒,Ji Zu,Group of Soldiers,3
CN109,夹白,Jia Bai,White Patches Attached,3
CN110,建,Jian,Establishment,3
CN111,渐台,Jian Tai,Clepsydra Terrace,3
CN112,键闭,Jian Bi,Door Bolt,3
CN113,金鱼,Jin Yu,Goldfish,3
CN114,进贤,Jin Xian,Recommending Virtuous Men,3
CN115,积水,Ji Shui(Jin Xiu),Accumulated Water,3
CN116,九坎,Jiu Kan,Nine Water Wells,3
CN117,九卿,Jiu Qing,Nine Senior Officers,3
CN118,九斿,Jiu Liu,Imperial Military Flag,3
CN119,九州殊口,Jiu Zhou Shu Kou,Interpreters of Nine Dialects,3
CN120,酒旗,Jiu Qi,Banner of Wine Shop,3
CN121,臼,Jiu,Mortar,3
CN122,卷舌,Juan She,Rolled Tongue,3
CN123,军井,Jun Jing,Military Well,3
CN124,军南门,Jun Nan Men,Southern Military Gate,3
CN125,军市,Jun Shi,Market for Soldiers,3
CN126,糠,Kang,Chaff,3
CN127,亢池,Kang Chi,Boats and Lake,3
CN128,孔雀,Kong Que,Peafowl,3
CN129,哭,Ku,Crying,3
CN130,库楼,Ku Lou,Arsenal,3
CN131,郎将,Lang Jiang,Captain of the Bodyguards,3
CN132,郎位,Lang Wei,Officers of the Imperial Guard,3
CN133,老人,Lao Ren,Old Man,3
CN134,雷电,Lei Dian,Thunder and Lightning,3
CN135,垒壁阵,Lei Bi Zhen,Line of Ramparts,3
CN136,离宫 (附室宿),Li Gong,Resting Palace (Vassal of Encampment),3
CN137,离瑜,Li Yu,Jade Ornament on Ladies' Wear,3
CN138,离珠,Li Zhu,Pearls on Ladies' Wear,3
CN139,砺石,Li Shi,Whetstone,3
CN140,列肆,Lie Si,Jewel Market,3
CN141,灵台,Ling Tai,Astronomical Observatory,3
CN142,六甲,Liu Jia,Six Jia,3
CN143,罗堰,Luo Yan,Network of Dykes,3
CN144,马腹,Ma Fu,Horse's Abdomen,3
CN145,马尾,Ma Wei,Horse's Tail,3
CN146,蜜蜂,Mi Feng,Bee,3
CN147,明堂,Ming Tang,The Hall of Glory,3
CN148,南船,Nan Chuan,Southern Boat,3
CN149,南河,Nan He,South River,3
CN150,东瓯,Dōngōu,Dongou,
CN151,南门,Nan Men,Southern Gate,3
CN152,内厨,Nei Chu,Inner Kitchen,3
CN153,内阶,Nei Jie,Inner Steps,3
CN154,内平,Nei Ping,High Judge,3
CN155,内屏,Nei Ping,Inner Screen,3
CN156,辇道,Nian Dao,Imperial Passageway,3
CN157,鸟喙,Niao Hui,Bird's Beak,3
CN158,农丈人,Nong Zhang Ren,Peasant,3
CN159,女床,Nü Chuang,Woman's Bed,3
CN160,女史,Nü Shi,Female Protocol,3
CN161,霹雳,Pi Li,Thunderbolt,3
CN162,平,Ping,Judging,3
CN163,平道,Ping Dao,Flat Road,3
CN164,屏,Ping,Screen,3
CN165,七公,Qi Gong,Seven Excellencies,3
CN166,器府,Qìfǔ,House for Musical Instruments,
CN167,骑官,Qi Guan,Imperial Guards,3
CN168,骑阵将军,Qi Zhen Jiang Jun,Chariots and Cavalry General,3
CN169,泣,Qi,Weeping,3
CN170,天稷,Tiānjì,Celestial Cereals,
CN171,青丘,Qing Qiu,Green Hill,3
CN172,阙丘,Que Qiu,Palace Gate,3
CN173,人,Ren,Humans,3
CN174,日,Ri,Solar Star,3
CN175,三公 (太微垣),San Gong(Tai Wei Yuan),Three Excellencies (In Supreme Palace Enclosure),3
CN176,三公 (紫微垣),San gong(Zi Wei Yuan),Three Excellencies (In Purple Forbidden Enclosure),3
CN177,三角形,San Jiao Xing,Triangle,3
CN178,三师,San Shi,Three Top Instructors,3
CN179,三台,San Tai,Three Steps,3
CN180,尚书,Shang Shu,Royal Secretary,3
CN181,少微,Shao Wei,Junior Officers,3
CN182,蛇腹,She Fu,Snake's Abdomen,3
CN183,蛇首,She Shou,Snake's Head,3
CN184,蛇尾,She Wei,Snake's Tail,3
CN185,神宫 (附尾宿),Shen Gong,Changing Room (Vassal of Tail),3
CN186,十二国,Shi Er Guo,Twelve States,3
CN187,十字架,Shi Zi Jia,Cross,3
CN188,屎,Shi,Excrement,3
CN189,市楼,Shi Lou,Municipal Office,3
CN190,势,Shi,Eunuch,3
CN191,水府,Shui Fu,Official for Irrigation,3
CN192,水委,Shui Wei,Crooked Running Water,3
CN193,水位,Shui Wei,Water Level,3
CN194,司非,Si Fei,Deified Judge of Right and Wrong,3
CN195,司怪,Si Guai,Deity in Charge of Monsters,3
CN196,司禄,Si Lu,Deified Judge of Rank,3
CN197,司命,Si Ming,Deified Judge of Life,3
CN198,司危,Si wei,Deified Judge of Disaster and Good Fortune,3
CN199,四渎,Si Du,Four Channels,3
CN200,四辅,Si Fu,Four Advisors,3
CN201,孙,Sun,Grandson,3
CN202,太阳守,Tai Yang Shou,Guard of the Sun,3
CN203,太乙,Tai Yi,First Great One,3
CN204,太子,Tai Zi,Crown Prince,3
CN205,太尊,Tai Zun,Royals,3
CN206,螣蛇,Teng She,Flying Serpent,3
CN207,天阿,Tian E,Celestial Concave,3
CN208,天棓,Tian Bang,Celestial Flail,3
CN209,天弁,Tian Bian,Market Officer,3
CN210,天仓,Tian Cang,Square Celestial Granary,3
CN211,天谗,Tian Chan,Celestial Slander,3
CN212,天厨,Tian Chu,Celestial Kitchen,3
CN213,天船,Tian Chuan,Celestial Boat,3
CN214,天床,Tian Chuang,Celestial Bed,3
CN215,天大将军,Tian Da Jiang Jun,Great General of Heaven,3
CN216,天桴,Tian Fu,Celestial Drumstick,3
CN217,天辐,Tian Fu,Celestial Spokes,3
CN218,天纲,Tian Gang,Materials for Making Tents,3
CN219,天高,Tian Gao,Celestial High Terrace,3
CN220,天钩,Tian Gou,Celestial Hook,3
CN221,天狗,Tian Gou,Celestial Dog,3
CN222,天关,Tian Guan,Celestial Pass,3
CN223,天皇大帝,Tian Huang Da Di,Great Emperor of Heaven,3
CN224,天潢,Tian Huang,Celestial Pier,3
CN225,天溷,Tian Hun,Celestial Pigsty,3
CN226,天鸡,Tian Ji,Celestial Cock,3
CN227,天记,Tian Ji,Judge for Estimating the Age of Animals,3
CN228,天纪,Tian Ji,Celestial Discipline,3
CN229,天江,Tian Jiang,Celestial River,3
CN230,天街,Tian Jie,Celestial Street,3
CN231,天节,Tian Jie,Celestial Tally,3
CN232,天津,Tian Jin,Celestial Ford,3
CN233,天厩,Tian Jiu,Celestial Stable,3
CN234,天狼,Tian Lang,Celestial Wolf,3
CN235,天牢,Tian Lao,Celestial Prison,3
CN236,天垒城,Tian Lei Cheng,Celestial Ramparts,3
CN237,天理,Tian Li,Judge for Nobility,3
CN238,天廪,Tian Lin,Celestial Foodstuff,3
CN239,天门,Tian Men,Celestial Gate,3
CN240,天钱,Tian Qian,Celestial Money,3
CN241,天枪,Tian Qiang,Celestial Spear,3
CN242,天囷,Tian Qun,Circular Celestial Granary,3
CN243,天乳,Tian Ru,Celestial Milk,3
CN244,天社,Tian She,Celestial Earth God's Temple,3
CN245,天田 (角宿),Tian Tian(Jiao Xiu),Celestial Farmland (In Horn Mansion),3
CN246,天田 (牛宿),Tian Tian(Niu Xiu),Celestial Farmland (In Ox Mansion),3
CN247,天相,Tian Xiang,Celestial Premier,3
CN248,天乙,Tian Yi,Celestial Great One,3
CN249,天阴,Tian Yin,Celestial Yin Force,3
CN250,天庾,Tian Yu,Ricks of Grain,3
CN251,天渊,Tian Yuan,Celestial Spring,3
CN252,天园,Tian Yuan,Celestial Orchard,3
CN253,天苑,Tian Yuan,Celestial Meadows,3
CN254,天籥,Tian Yue,Celestial Keyhole,3
CN255,天柱,Tian Zhu,Celestial Pillar,3
CN256,天樽,Tian Zun,Celestial Wine Cup,3
CN257,屠肆,Tu Si,Butcher's Shops,3
CN258,土公,Tu Gong,Official for Earthworks and Buildings,3
CN259,土公吏,Tu Gong Li,Official for Materials Supply,3
CN260,土司空,Tu Si Kong,Master of Constructions,3
CN261,外厨,Wai Chu,Outer Kitchen,3
CN262,外屏,Wai Ping,Outer Fence,3
CN263,王良,Wang Liang,Wang Liang,3
CN264,王良 (土司空),Tǔsīkōng,Master of Constructions (In Legs Mansion),
CN265,文昌,Wen Chang,Administrative Center,3
CN266,五车,Wu Che,Five Chariots,3
CN267,五帝内座,Wu Di Nei Zuo,Interior Seats of the Five Emperors,3
CN268,五帝座,Wu Di Zuo,Seats of the Five Emperors,3
CN269,五诸侯,Wu Zhu Hou(JingXiu),Five Feudal Kings,3
CN270,五诸侯,Wu Zhu Hou(Tai Wei Yuan),Five Lords,3
CN271,西咸,Xi Xian,Western Door,3
CN272,奚仲,Xi Zhong,Xi Zhong,3
CN273,咸池,Xian Chi,Pool of Harmony,3
CN274,相,Xiang,Prime Minister,3
CN275,小斗,Xiao Dou,Little Dipper,3
CN276,幸臣,Xing Chen,Officer of Honour,3
CN277,虚梁,Xu Liang,Temple,3
CN278,轩辕,Xuan Yuan,Xuanyuan,3
CN279,玄戈,Xuan Ge,Sombre Lance,3
CN280,钺 (附井宿),Yue,Battle Axe (Vassal of Well),3
CN281,阳门,Yang Men,Gate of Yang,3
CN282,野鸡,Ye Ji,Wild Cockerel,3
CN283,谒者,Ye Zhe,Usher to the Court,3
CN284,异雀,Yi Que,Exotic Bird,3
CN285,阴德,Yin De,Hidden Virtue,3
CN286,右更,You Geng,Official in Charge of Pasturing,3
CN287,右旗,You Qi,Right Flag,3
CN288,右摄提,You She Ti,Right Conductor,3
CN289,鱼,Yu,Fish,3
CN290,羽林军,Yu Lin Jun,Palace Guard,3
CN291,玉井,Yu Jing,Jade Well,3
CN292,御女,Yu Nü,Maids-in-waiting,3
CN293,月,Yue,Lunar Star,3
CN294,附耳 (附毕宿),Fu Er,Whisper (Vassal of Net),3
CN295,云雨,Yun Yu,Cloud and Rain,3
CN296,造父,Zao Fu,Zaofu,3
CN297,长垣,Chang Yuan,Long Wall,3
CN298,丈人,Zhang Ren,Grandfather,3
CN299,招摇,Zhao Yao,Twinkling Indicator,3
CN300,辅 (附北斗),Fu,Assistant (Vassal of Northern Dipper),3
CN301,折威,Zhe Wei,Executions,3
CN302,阵车,Zhen Che,Battle Chariots,3
CN303,右辖 (附轸宿),You Xia,Right linchpin (Vassal of Chariot),3
CN304,织女,Zhi Nü,Weaving Girl,3
CN305,左辖 (附轸宿),Zuo Xia,Left linchpin (Vassal of Chariot),3
CN306,周鼎,Zhou Ding,Tripod of the Zhou,3
CN307,诸王,Zhu Wang,Feudal Kings,3
CN308,柱 (毕宿),Zhu(Bi Xiu),Pillars (In Net Mansion),3
CN309,柱 (角宿),Zhu(Jiao Xiu),Pillars (In Horn Mansion),3
CN310,柱史,Zhu Shi,Official of Royal Archives,3
CN311,子,Zi,Son,3
CN312,宗,Zong,Patriarchal Clan,3
CN313,宗人,Zong Ren,Official of Religious Ceremonies,3
CN314,宗正,Zong Zheng,Official for the Royal Clan,3
CN315,左更,Zuo Geng,Official in Charge of the Forest,3
CN316,左旗,Zuo Qi,Left Flag,3
CN317,左摄提,Zuo She Ti,Left Conductor,3
CN318,座旗,Zuo Qi,Seat Flags,3
